round,cid,accuracy,num_examples,drift,label
1,12752010034786212735,0.167,1000,False,IID_adwin_s11
1,8543731720318720344,0.156,1000,False,IID_adwin_s11
1,2966352841180254946,0.189,1000,False,IID_adwin_s11
1,996999572881125240,0.159,1000,False,IID_adwin_s11
1,11017658410225379800,0.181,1000,False,IID_adwin_s11
1,4730118721009354814,0.194,1000,False,IID_adwin_s11
1,6838481051918593359,0.158,1000,False,IID_adwin_s11
1,526889655197255184,0.18,1000,False,IID_adwin_s11
1,4024417183169647370,0.155,1000,False,IID_adwin_s11
1,5664985229475002910,0.203,1000,False,IID_adwin_s11
2,5664985229475002910,0.306,1000,False,IID_adwin_s11
2,11017658410225379800,0.311,1000,False,IID_adwin_s11
2,996999572881125240,0.3,1000,False,IID_adwin_s11
2,6838481051918593359,0.292,1000,False,IID_adwin_s11
2,4024417183169647370,0.304,1000,False,IID_adwin_s11
2,2966352841180254946,0.286,1000,False,IID_adwin_s11
2,12752010034786212735,0.294,1000,False,IID_adwin_s11
2,526889655197255184,0.307,1000,False,IID_adwin_s11
2,4730118721009354814,0.319,1000,False,IID_adwin_s11
2,8543731720318720344,0.285,1000,False,IID_adwin_s11
3,4730118721009354814,0.377,1000,False,IID_adwin_s11
3,11017658410225379800,0.37,1000,False,IID_adwin_s11
3,996999572881125240,0.33,1000,False,IID_adwin_s11
3,5664985229475002910,0.369,1000,False,IID_adwin_s11
3,8543731720318720344,0.343,1000,False,IID_adwin_s11
3,6838481051918593359,0.338,1000,False,IID_adwin_s11
3,12752010034786212735,0.333,1000,False,IID_adwin_s11
3,2966352841180254946,0.318,1000,False,IID_adwin_s11
3,4024417183169647370,0.326,1000,False,IID_adwin_s11
3,526889655197255184,0.376,1000,False,IID_adwin_s11
4,11017658410225379800,0.428,1000,False,IID_adwin_s11
4,6838481051918593359,0.389,1000,False,IID_adwin_s11
4,12752010034786212735,0.378,1000,False,IID_adwin_s11
4,4730118721009354814,0.41,1000,False,IID_adwin_s11
4,996999572881125240,0.371,1000,False,IID_adwin_s11
4,5664985229475002910,0.408,1000,False,IID_adwin_s11
4,2966352841180254946,0.382,1000,False,IID_adwin_s11
4,4024417183169647370,0.371,1000,False,IID_adwin_s11
4,526889655197255184,0.422,1000,False,IID_adwin_s11
4,8543731720318720344,0.41,1000,False,IID_adwin_s11
5,2966352841180254946,0.409,1000,False,IID_adwin_s11
5,8543731720318720344,0.416,1000,False,IID_adwin_s11
5,4730118721009354814,0.457,1000,False,IID_adwin_s11
5,5664985229475002910,0.444,1000,False,IID_adwin_s11
5,12752010034786212735,0.425,1000,False,IID_adwin_s11
5,526889655197255184,0.441,1000,False,IID_adwin_s11
5,996999572881125240,0.403,1000,False,IID_adwin_s11
5,4024417183169647370,0.415,1000,False,IID_adwin_s11
5,6838481051918593359,0.424,1000,False,IID_adwin_s11
5,11017658410225379800,0.454,1000,False,IID_adwin_s11
6,5664985229475002910,0.434,1000,False,IID_adwin_s11
6,4024417183169647370,0.435,1000,False,IID_adwin_s11
6,12752010034786212735,0.459,1000,False,IID_adwin_s11
6,2966352841180254946,0.426,1000,False,IID_adwin_s11
6,4730118721009354814,0.464,1000,False,IID_adwin_s11
6,11017658410225379800,0.478,1000,False,IID_adwin_s11
6,526889655197255184,0.478,1000,False,IID_adwin_s11
6,6838481051918593359,0.449,1000,False,IID_adwin_s11
6,8543731720318720344,0.457,1000,False,IID_adwin_s11
6,996999572881125240,0.43,1000,False,IID_adwin_s11
7,6838481051918593359,0.462,1000,False,IID_adwin_s11
7,2966352841180254946,0.443,1000,False,IID_adwin_s11
7,5664985229475002910,0.457,1000,False,IID_adwin_s11
7,4024417183169647370,0.452,1000,False,IID_adwin_s11
7,8543731720318720344,0.473,1000,False,IID_adwin_s11
7,526889655197255184,0.502,1000,False,IID_adwin_s11
7,12752010034786212735,0.46,1000,False,IID_adwin_s11
7,996999572881125240,0.445,1000,False,IID_adwin_s11
7,11017658410225379800,0.49,1000,False,IID_adwin_s11
7,4730118721009354814,0.5,1000,False,IID_adwin_s11
8,12752010034786212735,0.463,1000,False,IID_adwin_s11
8,6838481051918593359,0.465,1000,False,IID_adwin_s11
8,11017658410225379800,0.506,1000,False,IID_adwin_s11
8,4730118721009354814,0.497,1000,False,IID_adwin_s11
8,526889655197255184,0.508,1000,False,IID_adwin_s11
8,8543731720318720344,0.47,1000,False,IID_adwin_s11
8,996999572881125240,0.468,1000,False,IID_adwin_s11
8,2966352841180254946,0.458,1000,False,IID_adwin_s11
8,4024417183169647370,0.467,1000,False,IID_adwin_s11
8,5664985229475002910,0.464,1000,False,IID_adwin_s11
9,8543731720318720344,0.498,1000,False,IID_adwin_s11
9,11017658410225379800,0.504,1000,False,IID_adwin_s11
9,996999572881125240,0.469,1000,False,IID_adwin_s11
9,2966352841180254946,0.481,1000,False,IID_adwin_s11
9,5664985229475002910,0.489,1000,False,IID_adwin_s11
9,6838481051918593359,0.498,1000,False,IID_adwin_s11
9,4730118721009354814,0.536,1000,False,IID_adwin_s11
9,526889655197255184,0.521,1000,False,IID_adwin_s11
9,12752010034786212735,0.481,1000,False,IID_adwin_s11
9,4024417183169647370,0.477,1000,False,IID_adwin_s11
10,2966352841180254946,0.51,1000,False,IID_adwin_s11
10,526889655197255184,0.527,1000,False,IID_adwin_s11
10,6838481051918593359,0.5,1000,False,IID_adwin_s11
10,996999572881125240,0.482,1000,False,IID_adwin_s11
10,4730118721009354814,0.53,1000,False,IID_adwin_s11
10,12752010034786212735,0.479,1000,False,IID_adwin_s11
10,8543731720318720344,0.514,1000,False,IID_adwin_s11
10,4024417183169647370,0.49,1000,False,IID_adwin_s11
10,5664985229475002910,0.506,1000,False,IID_adwin_s11
10,11017658410225379800,0.522,1000,False,IID_adwin_s11
11,11017658410225379800,0.52,1000,False,IID_adwin_s11
11,5664985229475002910,0.51,1000,False,IID_adwin_s11
11,6838481051918593359,0.511,1000,False,IID_adwin_s11
11,996999572881125240,0.495,1000,False,IID_adwin_s11
11,2966352841180254946,0.522,1000,False,IID_adwin_s11
11,12752010034786212735,0.5,1000,False,IID_adwin_s11
11,8543731720318720344,0.525,1000,False,IID_adwin_s11
11,526889655197255184,0.55,1000,False,IID_adwin_s11
11,4730118721009354814,0.547,1000,False,IID_adwin_s11
11,4024417183169647370,0.493,1000,False,IID_adwin_s11
12,11017658410225379800,0.543,1000,False,IID_adwin_s11
12,12752010034786212735,0.501,1000,False,IID_adwin_s11
12,8543731720318720344,0.512,1000,False,IID_adwin_s11
12,5664985229475002910,0.52,1000,False,IID_adwin_s11
12,996999572881125240,0.497,1000,False,IID_adwin_s11
12,526889655197255184,0.558,1000,False,IID_adwin_s11
12,2966352841180254946,0.526,1000,False,IID_adwin_s11
12,6838481051918593359,0.519,1000,False,IID_adwin_s11
12,4730118721009354814,0.546,1000,False,IID_adwin_s11
12,4024417183169647370,0.5,1000,False,IID_adwin_s11
13,2966352841180254946,0.541,1000,False,IID_adwin_s11
13,996999572881125240,0.515,1000,False,IID_adwin_s11
13,4024417183169647370,0.516,1000,False,IID_adwin_s11
13,12752010034786212735,0.506,1000,False,IID_adwin_s11
13,8543731720318720344,0.535,1000,False,IID_adwin_s11
13,526889655197255184,0.562,1000,False,IID_adwin_s11
13,5664985229475002910,0.536,1000,False,IID_adwin_s11
13,4730118721009354814,0.554,1000,False,IID_adwin_s11
13,11017658410225379800,0.539,1000,False,IID_adwin_s11
13,6838481051918593359,0.534,1000,False,IID_adwin_s11
14,996999572881125240,0.521,1000,False,IID_adwin_s11
14,11017658410225379800,0.549,1000,False,IID_adwin_s11
14,4024417183169647370,0.523,1000,False,IID_adwin_s11
14,526889655197255184,0.583,1000,False,IID_adwin_s11
14,5664985229475002910,0.539,1000,False,IID_adwin_s11
14,4730118721009354814,0.555,1000,False,IID_adwin_s11
14,12752010034786212735,0.525,1000,False,IID_adwin_s11
14,6838481051918593359,0.542,1000,False,IID_adwin_s11
14,2966352841180254946,0.556,1000,False,IID_adwin_s11
14,8543731720318720344,0.526,1000,False,IID_adwin_s11
15,5664985229475002910,0.539,1000,False,IID_adwin_s11
15,526889655197255184,0.581,1000,False,IID_adwin_s11
15,4730118721009354814,0.558,1000,False,IID_adwin_s11
15,6838481051918593359,0.55,1000,False,IID_adwin_s11
15,11017658410225379800,0.55,1000,False,IID_adwin_s11
15,12752010034786212735,0.532,1000,False,IID_adwin_s11
15,2966352841180254946,0.563,1000,False,IID_adwin_s11
15,996999572881125240,0.531,1000,False,IID_adwin_s11
15,8543731720318720344,0.538,1000,False,IID_adwin_s11
15,4024417183169647370,0.533,1000,False,IID_adwin_s11
16,11017658410225379800,0.564,1000,False,IID_adwin_s11
16,5664985229475002910,0.549,1000,False,IID_adwin_s11
16,526889655197255184,0.603,1000,False,IID_adwin_s11
16,12752010034786212735,0.537,1000,False,IID_adwin_s11
16,996999572881125240,0.55,1000,False,IID_adwin_s11
16,6838481051918593359,0.567,1000,False,IID_adwin_s11
16,4730118721009354814,0.579,1000,False,IID_adwin_s11
16,8543731720318720344,0.552,1000,False,IID_adwin_s11
16,4024417183169647370,0.543,1000,False,IID_adwin_s11
16,2966352841180254946,0.566,1000,False,IID_adwin_s11
17,12752010034786212735,0.544,1000,False,IID_adwin_s11
17,4024417183169647370,0.543,1000,False,IID_adwin_s11
17,526889655197255184,0.611,1000,False,IID_adwin_s11
17,11017658410225379800,0.565,1000,False,IID_adwin_s11
17,996999572881125240,0.546,1000,False,IID_adwin_s11
17,5664985229475002910,0.568,1000,False,IID_adwin_s11
17,4730118721009354814,0.585,1000,False,IID_adwin_s11
17,8543731720318720344,0.546,1000,False,IID_adwin_s11
17,2966352841180254946,0.573,1000,False,IID_adwin_s11
17,6838481051918593359,0.584,1000,False,IID_adwin_s11
18,4024417183169647370,0.554,1000,False,IID_adwin_s11
18,996999572881125240,0.567,1000,False,IID_adwin_s11
18,526889655197255184,0.609,1000,False,IID_adwin_s11
18,12752010034786212735,0.55,1000,False,IID_adwin_s11
18,11017658410225379800,0.584,1000,False,IID_adwin_s11
18,6838481051918593359,0.577,1000,False,IID_adwin_s11
18,2966352841180254946,0.567,1000,False,IID_adwin_s11
18,8543731720318720344,0.551,1000,False,IID_adwin_s11
18,4730118721009354814,0.572,1000,False,IID_adwin_s11
18,5664985229475002910,0.565,1000,False,IID_adwin_s11
19,4730118721009354814,0.6,1000,False,IID_adwin_s11
19,8543731720318720344,0.563,1000,False,IID_adwin_s11
19,2966352841180254946,0.583,1000,False,IID_adwin_s11
19,6838481051918593359,0.585,1000,False,IID_adwin_s11
19,5664985229475002910,0.578,1000,False,IID_adwin_s11
19,12752010034786212735,0.56,1000,False,IID_adwin_s11
19,526889655197255184,0.609,1000,False,IID_adwin_s11
19,4024417183169647370,0.569,1000,False,IID_adwin_s11
19,996999572881125240,0.553,1000,False,IID_adwin_s11
19,11017658410225379800,0.589,1000,False,IID_adwin_s11
20,11017658410225379800,0.583,1000,False,IID_adwin_s11
20,8543731720318720344,0.565,1000,False,IID_adwin_s11
20,996999572881125240,0.585,1000,False,IID_adwin_s11
20,5664985229475002910,0.575,1000,False,IID_adwin_s11
20,4024417183169647370,0.567,1000,False,IID_adwin_s11
20,2966352841180254946,0.586,1000,False,IID_adwin_s11
20,4730118721009354814,0.601,1000,False,IID_adwin_s11
20,12752010034786212735,0.571,1000,False,IID_adwin_s11
20,526889655197255184,0.608,1000,False,IID_adwin_s11
20,6838481051918593359,0.606,1000,False,IID_adwin_s11
21,6838481051918593359,0.598,1000,False,IID_adwin_s11
21,4730118721009354814,0.602,1000,False,IID_adwin_s11
21,2966352841180254946,0.582,1000,False,IID_adwin_s11
21,12752010034786212735,0.576,1000,False,IID_adwin_s11
21,526889655197255184,0.621,1000,False,IID_adwin_s11
21,996999572881125240,0.585,1000,False,IID_adwin_s11
21,5664985229475002910,0.576,1000,False,IID_adwin_s11
21,11017658410225379800,0.6,1000,False,IID_adwin_s11
21,4024417183169647370,0.571,1000,False,IID_adwin_s11
21,8543731720318720344,0.569,1000,False,IID_adwin_s11
22,12752010034786212735,0.571,1000,False,IID_adwin_s11
22,5664985229475002910,0.571,1000,False,IID_adwin_s11
22,996999572881125240,0.571,1000,False,IID_adwin_s11
22,4024417183169647370,0.593,1000,False,IID_adwin_s11
22,11017658410225379800,0.603,1000,False,IID_adwin_s11
22,4730118721009354814,0.603,1000,False,IID_adwin_s11
22,526889655197255184,0.626,1000,False,IID_adwin_s11
22,6838481051918593359,0.587,1000,False,IID_adwin_s11
22,2966352841180254946,0.593,1000,False,IID_adwin_s11
22,8543731720318720344,0.584,1000,False,IID_adwin_s11
23,11017658410225379800,0.586,1000,False,IID_adwin_s11
23,996999572881125240,0.582,1000,False,IID_adwin_s11
23,8543731720318720344,0.583,1000,False,IID_adwin_s11
23,2966352841180254946,0.594,1000,False,IID_adwin_s11
23,526889655197255184,0.626,1000,False,IID_adwin_s11
23,4730118721009354814,0.608,1000,False,IID_adwin_s11
23,12752010034786212735,0.577,1000,False,IID_adwin_s11
23,4024417183169647370,0.592,1000,False,IID_adwin_s11
23,5664985229475002910,0.589,1000,False,IID_adwin_s11
23,6838481051918593359,0.605,1000,False,IID_adwin_s11
24,996999572881125240,0.583,1000,False,IID_adwin_s11
24,4730118721009354814,0.615,1000,False,IID_adwin_s11
24,4024417183169647370,0.587,1000,False,IID_adwin_s11
24,5664985229475002910,0.596,1000,False,IID_adwin_s11
24,2966352841180254946,0.59,1000,False,IID_adwin_s11
24,8543731720318720344,0.581,1000,False,IID_adwin_s11
24,12752010034786212735,0.598,1000,False,IID_adwin_s11
24,526889655197255184,0.636,1000,False,IID_adwin_s11
24,6838481051918593359,0.611,1000,False,IID_adwin_s11
24,11017658410225379800,0.598,1000,False,IID_adwin_s11
25,4730118721009354814,0.623,1000,False,IID_adwin_s11
25,996999572881125240,0.572,1000,False,IID_adwin_s11
25,8543731720318720344,0.585,1000,False,IID_adwin_s11
25,5664985229475002910,0.603,1000,False,IID_adwin_s11
25,6838481051918593359,0.611,1000,False,IID_adwin_s11
25,526889655197255184,0.635,1000,False,IID_adwin_s11
25,11017658410225379800,0.6,1000,False,IID_adwin_s11
25,12752010034786212735,0.598,1000,False,IID_adwin_s11
25,2966352841180254946,0.596,1000,False,IID_adwin_s11
25,4024417183169647370,0.582,1000,False,IID_adwin_s11
