round,global_accuracy,num_clients,global_drift_flag,clients_with_drift,delta_t,delta_0,band_lo,band_hi,phase,label
1,0.15692153923038482,10,0,"[""1224811003448141838"", ""14598350896946945943"", ""15656100796165094651"", ""16368078680982623140"", ""4595744341147132574"", ""5383000238575658165"", ""5835788872623094325"", ""9616183947896155429""]",,,,,MONITOR,nonIID_entropy_fixed_s11
2,0.22278860569715142,10,0,"[""15656100796165094651"", ""1641119241606792580"", ""5383000238575658165"", ""9616183947896155429""]",,,,,MONITOR,nonIID_entropy_fixed_s11
3,0.2881559220389805,10,0,"[""1224811003448141838"", ""14598350896946945943"", ""15656100796165094651"", ""16368078680982623140"", ""1641119241606792580"", ""4595744341147132574"", ""5383000238575658165"", ""8894057062500594049"", ""9616183947896155429""]",,,,,MONITOR,nonIID_entropy_fixed_s11
4,0.32443778110944527,10,0,"[""1224811003448141838"", ""14598350896946945943"", ""4595744341147132574"", ""5835788872623094325"", ""8894057062500594049"", ""9616183947896155429""]",,,,,MONITOR,nonIID_entropy_fixed_s11
5,0.3622188905547226,10,0,"[""1224811003448141838"", ""5383000238575658165""]",,,,,MONITOR,nonIID_entropy_fixed_s11
6,0.40519740129935033,10,0,"[""1224811003448141838"", ""14598350896946945943"", ""1641119241606792580"", ""4595744341147132574"", ""9616183947896155429""]",,,,,MONITOR,nonIID_entropy_fixed_s11
7,0.408295852073963,10,0,"[""1224811003448141838"", ""14598350896946945943"", ""15656100796165094651"", ""1641119241606792580"", ""4595744341147132574"", ""5383000238575658165""]",,,,,MONITOR,nonIID_entropy_fixed_s11
8,0.42828585707146427,10,0,"[""14598350896946945943"", ""1641119241606792580"", ""5383000238575658165"", ""8894057062500594049"", ""9616183947896155429""]",,,,,MONITOR,nonIID_entropy_fixed_s11
9,0.4373813093453273,10,0,"[""14598350896946945943"", ""5383000238575658165"", ""5835788872623094325"", ""9616183947896155429""]",,,,,MONITOR,nonIID_entropy_fixed_s11
10,0.4571714142928536,10,0,"[""1224811003448141838"", ""14598350896946945943"", ""1641119241606792580"", ""4595744341147132574"", ""5383000238575658165"", ""8894057062500594049"", ""9616183947896155429""]",,,,,MONITOR,nonIID_entropy_fixed_s11
11,0.4612693653173413,10,0,"[""1224811003448141838"", ""14598350896946945943"", ""15656100796165094651"", ""16368078680982623140"", ""1641119241606792580"", ""4595744341147132574"", ""5383000238575658165"", ""5835788872623094325"", ""8894057062500594049""]",,,,,MONITOR,nonIID_entropy_fixed_s11
12,0.4759620189905047,10,0,"[""1224811003448141838"", ""14598350896946945943"", ""15656100796165094651"", ""16368078680982623140"", ""1641119241606792580"", ""4595744341147132574"", ""5383000238575658165"", ""8894057062500594049""]",,,,,MONITOR,nonIID_entropy_fixed_s11
13,0.4895552223888056,10,0,"[""1224811003448141838"", ""14598350896946945943"", ""16368078680982623140"", ""1641119241606792580"", ""4595744341147132574"", ""5383000238575658165"", ""5835788872623094325"", ""8894057062500594049"", ""9616183947896155429""]",,,,,MONITOR,nonIID_entropy_fixed_s11
14,0.48695652173913045,10,0,"[""1224811003448141838"", ""14598350896946945943"", ""16368078680982623140"", ""1641119241606792580"", ""4595744341147132574"", ""5383000238575658165"", ""5835788872623094325"", ""8894057062500594049"", ""9616183947896155429""]",,,,,MONITOR,nonIID_entropy_fixed_s11
15,0.49955022488755624,10,0,"[""1224811003448141838"", ""14598350896946945943"", ""16368078680982623140"", ""1641119241606792580"", ""4595744341147132574"", ""5383000238575658165"", ""5835788872623094325"", ""8894057062500594049""]",,,,,MONITOR,nonIID_entropy_fixed_s11
16,0.5025487256371814,10,0,"[""1224811003448141838"", ""14598350896946945943"", ""16368078680982623140"", ""1641119241606792580"", ""4595744341147132574"", ""5383000238575658165"", ""5835788872623094325"", ""8894057062500594049"", ""9616183947896155429""]",,,,,MONITOR,nonIID_entropy_fixed_s11
17,0.5199400299850075,10,0,"[""14598350896946945943"", ""15656100796165094651"", ""16368078680982623140"", ""1641119241606792580"", ""5383000238575658165"", ""5835788872623094325"", ""8894057062500594049"", ""9616183947896155429""]",,,,,MONITOR,nonIID_entropy_fixed_s11
18,0.5054472763618191,10,0,"[""1224811003448141838"", ""14598350896946945943"", ""15656100796165094651"", ""1641119241606792580"", ""4595744341147132574"", ""5383000238575658165"", ""5835788872623094325"", ""8894057062500594049"", ""9616183947896155429""]",,,,,MONITOR,nonIID_entropy_fixed_s11
19,0.5233383308345827,10,0,"[""14598350896946945943"", ""15656100796165094651"", ""16368078680982623140"", ""1641119241606792580"", ""5383000238575658165"", ""5835788872623094325"", ""8894057062500594049"", ""9616183947896155429""]",,,,,MONITOR,nonIID_entropy_fixed_s11
20,0.5292353823088456,10,0,"[""1224811003448141838"", ""14598350896946945943"", ""15656100796165094651"", ""16368078680982623140"", ""1641119241606792580"", ""4595744341147132574"", ""5383000238575658165"", ""5835788872623094325"", ""8894057062500594049"", ""9616183947896155429""]",,,,,MONITOR,nonIID_entropy_fixed_s11
21,0.535032483758121,10,0,"[""1224811003448141838"", ""14598350896946945943"", ""15656100796165094651"", ""16368078680982623140"", ""1641119241606792580"", ""4595744341147132574"", ""5383000238575658165"", ""5835788872623094325"", ""8894057062500594049""]",,,,,MONITOR,nonIID_entropy_fixed_s11
22,0.5328335832083958,10,0,"[""1224811003448141838"", ""14598350896946945943"", ""15656100796165094651"", ""16368078680982623140"", ""1641119241606792580"", ""5383000238575658165"", ""5835788872623094325"", ""8894057062500594049""]",,,,,MONITOR,nonIID_entropy_fixed_s11
23,0.5348325837081459,10,0,"[""1224811003448141838"", ""14598350896946945943"", ""15656100796165094651"", ""16368078680982623140"", ""1641119241606792580"", ""4595744341147132574"", ""5383000238575658165"", ""5835788872623094325"", ""8894057062500594049"", ""9616183947896155429""]",,,,,MONITOR,nonIID_entropy_fixed_s11
24,0.534632683658171,10,0,"[""1224811003448141838"", ""14598350896946945943"", ""15656100796165094651"", ""16368078680982623140"", ""1641119241606792580"", ""4595744341147132574"", ""5383000238575658165"", ""5835788872623094325"", ""8894057062500594049"", ""9616183947896155429""]",,,,,MONITOR,nonIID_entropy_fixed_s11
25,0.5305347326336831,10,0,"[""1224811003448141838"", ""14598350896946945943"", ""15656100796165094651"", ""16368078680982623140"", ""1641119241606792580"", ""5383000238575658165"", ""5835788872623094325"", ""8894057062500594049"", ""9616183947896155429""]",,,,,MONITOR,nonIID_entropy_fixed_s11
